"accruedInterest","askEhmYield","askPrice","askYield","bidEhmYield","bidPrice","bidYield","coupon","coupon_val","currency","green","issueDate","longName","maturityDate","maturityInDays","maturityInDays_val","name","rawName","securityType","settleDate"
"5,8521","","","","","99,5000","28,20","3,50 %",3.5,"HUF",0,"2020.06.29","N250629","2025.06.29","9 nap",9,"N2025/26","N2025/26","MÁP Plusz","2025.06.20"
"5,7370","","","","","99,5000","17,90","3,50 %",3.5,"HUF",0,"2020.07.06","N250706","2025.07.06","16 nap",16,"N2025/27","N2025/27","MÁP Plusz","2025.06.20"
"5,6219","","","","","99,5000","14,10","3,50 %",3.5,"HUF",0,"2020.07.13","N250713","2025.07.13","23 nap",23,"N2025/28","N2025/28","MÁP Plusz","2025.06.20"
"5,5068","","","","","99,5000","12,14","3,50 %",3.5,"HUF",0,"2020.07.20","N250720","2025.07.20","30 nap",30,"N2025/29","N2025/29","MÁP Plusz","2025.06.20"
"5,3918","","","","","99,5000","10,93","3,50 %",3.5,"HUF",0,"2020.07.27","N250727","2025.07.27","37 nap",37,"N2025/30","N2025/30","MÁP Plusz","2025.06.20"
"5,2767","","","","","99,5000","10,10","3,50 %",3.5,"HUF",0,"2020.08.03","N250803","2025.08.03","44 nap",44,"N2025/31","N2025/31","MÁP Plusz","2025.06.20"
"5,1616","","","","","99,5000","9,52","3,50 %",3.5,"HUF",0,"2020.08.10","N250810","2025.08.10","51 nap",51,"N2025/32","N2025/32","MÁP Plusz","2025.06.20"
"5,0466","","","","","99,5000","9,08","3,50 %",3.5,"HUF",0,"2020.08.17","N250817","2025.08.17","58 nap",58,"N2025/33","N2025/33","MÁP Plusz","2025.06.20"
"4,9315","","","","","99,5000","8,73","3,50 %",3.5,"HUF",0,"2020.08.24","N250824","2025.08.24","65 nap",65,"N2025/34","N2025/34","MÁP Plusz","2025.06.20"
"4,8164","","","","","99,5000","8,45","3,50 %",3.5,"HUF",0,"2020.08.31","N250831","2025.08.31","72 nap",72,"N2025/35","N2025/35","MÁP Plusz","2025.06.20"
"4,7014","","","","","99,5000","8,23","3,50 %",3.5,"HUF",0,"2020.09.07","N250907","2025.09.07","79 nap",79,"N2025/36","N2025/36","MÁP Plusz","2025.06.20"
"4,5863","","","","","99,5000","8,04","3,50 %",3.5,"HUF",0,"2020.09.14","N250914","2025.09.14","86 nap",86,"N2025/37","N2025/37","MÁP Plusz","2025.06.20"
"4,4712","","","","","99,5000","7,88","3,50 %",3.5,"HUF",0,"2020.09.21","N250921","2025.09.21","93 nap",93,"N2025/38","N2025/38","MÁP Plusz","2025.06.20"
"4,3562","","","","","99,5000","7,74","3,50 %",3.5,"HUF",0,"2020.09.28","N250928","2025.09.28","100 nap",100,"N2025/39","N2025/39","MÁP Plusz","2025.06.20"
"4,2411","","","","","99,5000","7,62","3,50 %",3.5,"HUF",0,"2020.10.05","N251005","2025.10.05","107 nap",107,"N2025/40","N2025/40","MÁP Plusz","2025.06.20"
"4,1260","","","","","99,5000","7,52","3,50 %",3.5,"HUF",0,"2020.10.12","N251012","2025.10.12","114 nap",114,"N2025/41","N2025/41","MÁP Plusz","2025.06.20"
"4,0110","","","","","99,5000","7,43","3,50 %",3.5,"HUF",0,"2020.10.19","N251019","2025.10.19","121 nap",121,"N2025/42","N2025/42","MÁP Plusz","2025.06.20"
"3,8959","","","","","99,5000","7,35","3,50 %",3.5,"HUF",0,"2020.10.26","N251026","2025.10.26","128 nap",128,"N2025/43","N2025/43","MÁP Plusz","2025.06.20"
"3,7808","","","","","99,5000","7,28","3,50 %",3.5,"HUF",0,"2020.11.02","N251102","2025.11.02","135 nap",135,"N2025/44","N2025/44","MÁP Plusz","2025.06.20"
"3,6658","","","","","99,5000","7,21","3,50 %",3.5,"HUF",0,"2020.11.09","N251109","2025.11.09","142 nap",142,"N2025/45","N2025/45","MÁP Plusz","2025.06.20"
"3,5507","","","","","99,5000","7,16","3,50 %",3.5,"HUF",0,"2020.11.16","N251116","2025.11.16","149 nap",149,"N2025/46","N2025/46","MÁP Plusz","2025.06.20"
"3,4356","","","","","99,5000","7,10","3,50 %",3.5,"HUF",0,"2020.11.23","N251123","2025.11.23","156 nap",156,"N2025/47","N2025/47","MÁP Plusz","2025.06.20"
"3,3205","","","","","99,5000","7,06","3,50 %",3.5,"HUF",0,"2020.11.30","N251130","2025.11.30","163 nap",163,"N2025/48","N2025/48","MÁP Plusz","2025.06.20"
"3,2055","","","","","99,5000","7,01","3,50 %",3.5,"HUF",0,"2020.12.07","N251207","2025.12.07","170 nap",170,"N2025/49","N2025/49","MÁP Plusz","2025.06.20"
"3,0904","","","","","99,5000","6,97","3,50 %",3.5,"HUF",0,"2020.12.14","N251214","2025.12.14","177 nap",177,"N2025/50","N2025/50","MÁP Plusz","2025.06.20"
"2,9753","","","","","99,5000","6,94","3,50 %",3.5,"HUF",0,"2020.12.21","N251221","2025.12.21","184 nap",184,"N2025/51","N2025/51","MÁP Plusz","2025.06.20"
"2,8603","","","","","99,5000","6,90","3,50 %",3.5,"HUF",0,"2020.12.28","N251228","2025.12.28","191 nap",191,"N2025/52","N2025/52","MÁP Plusz","2025.06.20"
"2,7452","","","","","99,5000","6,87","3,50 %",3.5,"HUF",0,"2021.01.04","N260104","2026.01.04","198 nap",198,"N2026/01","N2026/01","MÁP Plusz","2025.06.20"
"2,6301","","","","","99,5000","6,85","3,50 %",3.5,"HUF",0,"2021.01.11","N260111","2026.01.11","205 nap",205,"N2026/02","N2026/02","MÁP Plusz","2025.06.20"
"2,5151","","","","","99,5000","6,82","3,50 %",3.5,"HUF",0,"2021.01.18","N260118","2026.01.18","212 nap",212,"N2026/03","N2026/03","MÁP Plusz","2025.06.20"
"2,4000","","","","","99,5000","6,79","3,50 %",3.5,"HUF",0,"2021.01.25","N260125","2026.01.25","219 nap",219,"N2026/04","N2026/04","MÁP Plusz","2025.06.20"
"2,2849","","","","","99,5000","6,77","3,50 %",3.5,"HUF",0,"2021.02.01","N260201","2026.02.01","226 nap",226,"N2026/05","N2026/05","MÁP Plusz","2025.06.20"
"2,1699","","","","","99,5000","6,75","3,50 %",3.5,"HUF",0,"2021.02.08","N260208","2026.02.08","233 nap",233,"N2026/06","N2026/06","MÁP Plusz","2025.06.20"
"2,0548","","","","","99,5000","6,73","3,50 %",3.5,"HUF",0,"2021.02.15","N260215","2026.02.15","240 nap",240,"N2026/07","N2026/07","MÁP Plusz","2025.06.20"
"1,9397","","","","","99,5000","6,71","3,50 %",3.5,"HUF",0,"2021.02.22","N260222","2026.02.22","247 nap",247,"N2026/08","N2026/08","MÁP Plusz","2025.06.20"
"1,8247","","","","","99,5000","6,70","3,50 %",3.5,"HUF",0,"2021.03.01","N260301","2026.03.01","254 nap",254,"N2026/09","N2026/09","MÁP Plusz","2025.06.20"
"1,7096","","","","","99,5000","6,68","3,50 %",3.5,"HUF",0,"2021.03.08","N260308","2026.03.08","261 nap",261,"N2026/10","N2026/10","MÁP Plusz","2025.06.20"
"1,5781","","","","","99,5000","6,66","3,50 %",3.5,"HUF",0,"2021.03.16","N260316","2026.03.16","269 nap",269,"N2026/11","N2026/11","MÁP Plusz","2025.06.20"
"1,4795","","","","","99,5000","6,65","3,50 %",3.5,"HUF",0,"2021.03.22","N260322","2026.03.22","275 nap",275,"N2026/12","N2026/12","MÁP Plusz","2025.06.20"
"1,3644","","","","","99,5000","6,64","3,50 %",3.5,"HUF",0,"2021.03.29","N260329","2026.03.29","282 nap",282,"N2026/13","N2026/13","MÁP Plusz","2025.06.20"
"1,2329","","","","","99,5000","6,62","3,50 %",3.5,"HUF",0,"2021.04.06","N260406","2026.04.06","290 nap",290,"N2026/14","N2026/14","MÁP Plusz","2025.06.20"
"1,1342","","","","","99,5000","6,61","3,50 %",3.5,"HUF",0,"2021.04.12","N260412","2026.04.12","296 nap",296,"N2026/15","N2026/15","MÁP Plusz","2025.06.20"
"1,0192","","","","","99,5000","6,60","3,50 %",3.5,"HUF",0,"2021.04.19","N260419","2026.04.19","303 nap",303,"N2026/16","N2026/16","MÁP Plusz","2025.06.20"
"0,9041","","","","","99,5000","6,59","3,50 %",3.5,"HUF",0,"2021.04.26","N260426","2026.04.26","310 nap",310,"N2026/17","N2026/17","MÁP Plusz","2025.06.20"
"0,7890","","","","","99,5000","6,58","3,50 %",3.5,"HUF",0,"2021.05.03","N260503","2026.05.03","317 nap",317,"N2026/18","N2026/18","MÁP Plusz","2025.06.20"
"0,6740","","","","","99,5000","6,58","3,50 %",3.5,"HUF",0,"2021.05.10","N260510","2026.05.10","324 nap",324,"N2026/19","N2026/19","MÁP Plusz","2025.06.20"
"0,5589","","","","","99,5000","6,57","3,50 %",3.5,"HUF",0,"2021.05.17","N260517","2026.05.17","331 nap",331,"N2026/20","N2026/20","MÁP Plusz","2025.06.20"
"0,4274","","","","","99,5000","6,56","3,50 %",3.5,"HUF",0,"2021.05.25","N260525","2026.05.25","339 nap",339,"N2026/21","N2026/21","MÁP Plusz","2025.06.20"
"0,3288","","","","","99,5000","6,55","3,50 %",3.5,"HUF",0,"2021.05.31","N260531","2026.05.31","345 nap",345,"N2026/22","N2026/22","MÁP Plusz","2025.06.20"
"0,2137","","","","","99,5000","6,54","3,50 %",3.5,"HUF",0,"2021.06.07","N260607","2026.06.07","352 nap",352,"N2026/23","N2026/23","MÁP Plusz","2025.06.20"
"0,0986","","","","","100,0000","6,00","3,50 %",3.5,"HUF",0,"2021.06.14","N260614","2026.06.14","359 nap",359,"N2026/24","N2026/24","MÁP Plusz","2025.06.20"
0,"","","","","99,5000","6,51","3,50 %",3.5,"HUF",0,"2021.06.21","N260621","2026.06.21","366 nap",366,"N2026/25","N2026/25","MÁP Plusz","2025.06.20"
"5,3795","","","","","99,5000","6,51","3,50 %",3.5,"HUF",0,"2021.06.28","N260628","2026.06.28","373 nap",373,"N2026/26","N2026/26","MÁP Plusz","2025.06.20"
"5,2740","","","","","99,5000","6,48","3,50 %",3.5,"HUF",0,"2021.07.05","N260705","2026.07.05","380 nap",380,"N2026/27","N2026/27","MÁP Plusz","2025.06.20"
"5,1685","","","","","99,5000","6,46","3,50 %",3.5,"HUF",0,"2021.07.12","N260712","2026.07.12","387 nap",387,"N2026/28","N2026/28","MÁP Plusz","2025.06.20"
"5,0630","","","","","99,5000","6,44","3,50 %",3.5,"HUF",0,"2021.07.19","N260719","2026.07.19","394 nap",394,"N2026/29","N2026/29","MÁP Plusz","2025.06.20"
"4,9575","","","","","99,5000","6,42","3,50 %",3.5,"HUF",0,"2021.07.26","N260726","2026.07.26","401 nap",401,"N2026/30","N2026/30","MÁP Plusz","2025.06.20"
"4,8521","","","","","99,5000","6,41","3,50 %",3.5,"HUF",0,"2021.08.02","N260802","2026.08.02","408 nap",408,"N2026/31","N2026/31","MÁP Plusz","2025.06.20"
"4,7466","","","","","99,5000","6,39","3,50 %",3.5,"HUF",0,"2021.08.09","N260809","2026.08.09","415 nap",415,"N2026/32","N2026/32","MÁP Plusz","2025.06.20"
"4,6411","","","","","99,5000","6,37","3,50 %",3.5,"HUF",0,"2021.08.16","N260816","2026.08.16","422 nap",422,"N2026/33","N2026/33","MÁP Plusz","2025.06.20"
"4,5356","","","","","99,5000","6,36","3,50 %",3.5,"HUF",0,"2021.08.23","N260823","2026.08.23","429 nap",429,"N2026/34","N2026/34","MÁP Plusz","2025.06.20"
"4,4301","","","","","99,5000","6,34","3,50 %",3.5,"HUF",0,"2021.08.30","N260830","2026.08.30","436 nap",436,"N2026/35","N2026/35","MÁP Plusz","2025.06.20"
"4,3247","","","","","99,5000","6,33","3,50 %",3.5,"HUF",0,"2021.09.06","N260906","2026.09.06","443 nap",443,"N2026/36","N2026/36","MÁP Plusz","2025.06.20"
"4,2192","","","","","99,5000","6,31","3,50 %",3.5,"HUF",0,"2021.09.13","N260913","2026.09.13","450 nap",450,"N2026/37","N2026/37","MÁP Plusz","2025.06.20"
"4,1137","","","","","99,5000","6,30","3,50 %",3.5,"HUF",0,"2021.09.20","N260920","2026.09.20","457 nap",457,"N2026/38","N2026/38","MÁP Plusz","2025.06.20"
"4,0082","","","","","99,5000","6,28","3,50 %",3.5,"HUF",0,"2021.09.27","N260927","2026.09.27","464 nap",464,"N2026/39","N2026/39","MÁP Plusz","2025.06.20"
"3,9027","","","","","99,5000","6,27","3,50 %",3.5,"HUF",0,"2021.10.04","N261004","2026.10.04","471 nap",471,"N2026/40","N2026/40","MÁP Plusz","2025.06.20"
"3,7973","","","","","99,5000","6,26","3,50 %",3.5,"HUF",0,"2021.10.11","N261011","2026.10.11","478 nap",478,"N2026/41","N2026/41","MÁP Plusz","2025.06.20"
"3,6918","","","","","99,5000","6,25","3,50 %",3.5,"HUF",0,"2021.10.18","N261018","2026.10.18","485 nap",485,"N2026/42","N2026/42","MÁP Plusz","2025.06.20"
"3,5863","","","","","99,5000","6,24","3,50 %",3.5,"HUF",0,"2021.10.25","N261025","2026.10.25","492 nap",492,"N2026/43","N2026/43","MÁP Plusz","2025.06.20"
"3,4658","","","","","99,5000","6,22","3,50 %",3.5,"HUF",0,"2021.11.02","N261102","2026.11.02","500 nap",500,"N2026/44","N2026/44","MÁP Plusz","2025.06.20"
"3,3753","","","","","99,5000","6,21","3,50 %",3.5,"HUF",0,"2021.11.08","N261108","2026.11.08","506 nap",506,"N2026/45","N2026/45","MÁP Plusz","2025.06.20"
"3,2699","","","","","99,5000","6,20","3,50 %",3.5,"HUF",0,"2021.11.15","N261115","2026.11.15","513 nap",513,"N2026/46","N2026/46","MÁP Plusz","2025.06.20"
"3,1644","","","","","99,5000","6,19","3,50 %",3.5,"HUF",0,"2021.11.22","N261122","2026.11.22","520 nap",520,"N2026/47","N2026/47","MÁP Plusz","2025.06.20"
"3,0589","","","","","99,5000","6,18","3,50 %",3.5,"HUF",0,"2021.11.29","N261129","2026.11.29","527 nap",527,"N2026/48","N2026/48","MÁP Plusz","2025.06.20"
"2,9534","","","","","99,5000","6,17","3,50 %",3.5,"HUF",0,"2021.12.06","N261206","2026.12.06","534 nap",534,"N2026/49","N2026/49","MÁP Plusz","2025.06.20"
"2,8479","","","","","99,5000","6,17","3,50 %",3.5,"HUF",0,"2021.12.13","N261213","2026.12.13","541 nap",541,"N2026/50","N2026/50","MÁP Plusz","2025.06.20"
"2,7425","","","","","99,5000","6,16","3,50 %",3.5,"HUF",0,"2021.12.20","N261220","2026.12.20","548 nap",548,"N2026/51","N2026/51","MÁP Plusz","2025.06.20"
"2,6370","","","","","99,5000","6,15","3,50 %",3.5,"HUF",0,"2021.12.27","N261227","2026.12.27","555 nap",555,"N2026/52","N2026/52","MÁP Plusz","2025.06.20"
"2,5315","","","","","99,5000","6,14","3,50 %",3.5,"HUF",0,"2022.01.03","N270103","2027.01.03","562 nap",562,"N2027/01","N2027/01","MÁP Plusz","2025.06.20"
"2,4260","","","","","99,5000","6,13","3,50 %",3.5,"HUF",0,"2022.01.10","N270110","2027.01.10","569 nap",569,"N2027/02","N2027/02","MÁP Plusz","2025.06.20"
"2,3205","","","","","99,5000","6,13","3,50 %",3.5,"HUF",0,"2022.01.17","N270117","2027.01.17","576 nap",576,"N2027/03","N2027/03","MÁP Plusz","2025.06.20"
"2,2151","","","","","99,5000","6,12","3,50 %",3.5,"HUF",0,"2022.01.24","N270124","2027.01.24","583 nap",583,"N2027/04","N2027/04","MÁP Plusz","2025.06.20"
"2,1096","","","","","99,5000","6,11","3,50 %",3.5,"HUF",0,"2022.01.31","N270131","2027.01.31","590 nap",590,"N2027/05","N2027/05","MÁP Plusz","2025.06.20"
"2,0041","","","","","99,5000","6,11","3,50 %",3.5,"HUF",0,"2022.02.07","N270207","2027.02.07","597 nap",597,"N2027/06","N2027/06","MÁP Plusz","2025.06.20"
"1,8986","","","","","99,5000","6,10","3,50 %",3.5,"HUF",0,"2022.02.14","N270214","2027.02.14","604 nap",604,"N2027/07","N2027/07","MÁP Plusz","2025.06.20"
"1,7932","","","","","99,5000","6,09","3,50 %",3.5,"HUF",0,"2022.02.21","N270221","2027.02.21","611 nap",611,"N2027/08","N2027/08","MÁP Plusz","2025.06.20"
"1,6877","","","","","99,5000","6,09","3,50 %",3.5,"HUF",0,"2022.02.28","N270228","2027.02.28","618 nap",618,"N2027/09","N2027/09","MÁP Plusz","2025.06.20"
"1,5822","","","","","99,5000","6,08","3,50 %",3.5,"HUF",0,"2022.03.07","N270307","2027.03.07","625 nap",625,"N2027/10","N2027/10","MÁP Plusz","2025.06.20"
"1,4466","","","","","99,5000","6,07","3,50 %",3.5,"HUF",0,"2022.03.16","N270316","2027.03.16","634 nap",634,"N2027/11","N2027/11","MÁP Plusz","2025.06.20"
"1,3712","","","","","99,5000","6,07","3,50 %",3.5,"HUF",0,"2022.03.21","N270321","2027.03.21","639 nap",639,"N2027/12","N2027/12","MÁP Plusz","2025.06.20"
"1,2658","","","","","99,5000","6,07","3,50 %",3.5,"HUF",0,"2022.03.28","N270328","2027.03.28","646 nap",646,"N2027/13","N2027/13","MÁP Plusz","2025.06.20"
"1,1603","","","","","99,5000","6,06","3,50 %",3.5,"HUF",0,"2022.04.04","N270404","2027.04.04","653 nap",653,"N2027/14","N2027/14","MÁP Plusz","2025.06.20"
"1,0548","","","","","99,5000","6,06","3,50 %",3.5,"HUF",0,"2022.04.11","N270411","2027.04.11","660 nap",660,"N2027/15","N2027/15","MÁP Plusz","2025.06.20"
"0,9342","","","","","99,5000","6,05","3,50 %",3.5,"HUF",0,"2022.04.19","N270419","2027.04.19","668 nap",668,"N2027/16","N2027/16","MÁP Plusz","2025.06.20"
"0,8438","","","","","99,5000","6,05","3,50 %",3.5,"HUF",0,"2022.04.25","N270425","2027.04.25","674 nap",674,"N2027/17","N2027/17","MÁP Plusz","2025.06.20"
"0,7384","","","","","99,5000","6,04","3,50 %",3.5,"HUF",0,"2022.05.02","N270502","2027.05.02","681 nap",681,"N2027/18","N2027/18","MÁP Plusz","2025.06.20"
"0,6329","","","","","99,5000","6,04","3,50 %",3.5,"HUF",0,"2022.05.09","N270509","2027.05.09","688 nap",688,"N2027/19","N2027/19","MÁP Plusz","2025.06.20"
"0,5274","","","","","99,5000","6,03","3,50 %",3.5,"HUF",0,"2022.05.16","N270516","2027.05.16","695 nap",695,"N2027/20","N2027/20","MÁP Plusz","2025.06.20"
"0,4219","","","","","99,5000","6,03","3,50 %",3.5,"HUF",0,"2022.05.23","N270523","2027.05.23","702 nap",702,"N2027/21","N2027/21","MÁP Plusz","2025.06.20"
"0,3164","","","","","99,5000","6,03","3,50 %",3.5,"HUF",0,"2022.05.30","N270530","2027.05.30","709 nap",709,"N2027/22","N2027/22","MÁP Plusz","2025.06.20"
"0,1959","","","","","99,5000","6,02","3,50 %",3.5,"HUF",0,"2022.06.07","N270607","2027.06.07","717 nap",717,"N2027/23","N2027/23","MÁP Plusz","2025.06.20"
"0,1055","","","","","100,0000","5,74","3,50 %",3.5,"HUF",0,"2022.06.13","N270613","2027.06.13","723 nap",723,"N2027/24","N2027/24","MÁP Plusz","2025.06.20"
0,"","","","","99,5000","6,02","3,50 %",3.5,"HUF",0,"2022.06.20","N270620","2027.06.20","730 nap",730,"N2027/25","N2027/25","MÁP Plusz","2025.06.20"
"4,9041","","","","","99,5000","6,00","3,50 %",3.5,"HUF",0,"2022.06.27","N270627","2027.06.27","737 nap",737,"N2027/26","N2027/26","MÁP Plusz","2025.06.20"
"4,8082","","","","","99,5000","5,99","3,50 %",3.5,"HUF",0,"2022.07.04","N270704","2027.07.04","744 nap",744,"N2027/27","N2027/27","MÁP Plusz","2025.06.20"
"4,7123","","","","","99,5000","5,98","3,50 %",3.5,"HUF",0,"2022.07.11","N270711","2027.07.11","751 nap",751,"N2027/28","N2027/28","MÁP Plusz","2025.06.20"
"4,6164","","","","","99,5000","5,97","3,50 %",3.5,"HUF",0,"2022.07.18","N270718","2027.07.18","758 nap",758,"N2027/29","N2027/29","MÁP Plusz","2025.06.20"
"4,5205","","","","","99,5000","5,96","3,50 %",3.5,"HUF",0,"2022.07.25","N270725","2027.07.25","765 nap",765,"N2027/30","N2027/30","MÁP Plusz","2025.06.20"
"4,4247","","","","","99,5000","5,95","3,50 %",3.5,"HUF",0,"2022.08.01","N270801","2027.08.01","772 nap",772,"N2027/31","N2027/31","MÁP Plusz","2025.06.20"
"4,3288","","","","","99,5000","5,94","3,50 %",3.5,"HUF",0,"2022.08.08","N270808","2027.08.08","779 nap",779,"N2027/32","N2027/32","MÁP Plusz","2025.06.20"
"4,2329","","","","","99,5000","5,93","3,50 %",3.5,"HUF",0,"2022.08.15","N270815","2027.08.15","786 nap",786,"N2027/33","N2027/33","MÁP Plusz","2025.06.20"
"4,1370","","","","","99,5000","5,92","3,50 %",3.5,"HUF",0,"2022.08.22","N270822","2027.08.22","793 nap",793,"N2027/34","N2027/34","MÁP Plusz","2025.06.20"
"4,0411","","","","","99,5000","5,91","3,50 %",3.5,"HUF",0,"2022.08.29","N270829","2027.08.29","800 nap",800,"N2027/35","N2027/35","MÁP Plusz","2025.06.20"
"3,9452","","","","","99,5000","5,90","3,50 %",3.5,"HUF",0,"2022.09.05","N270905","2027.09.05","807 nap",807,"N2027/36","N2027/36","MÁP Plusz","2025.06.20"
"3,8493","","","","","99,5000","5,90","3,50 %",3.5,"HUF",0,"2022.09.12","N270912","2027.09.12","814 nap",814,"N2027/37","N2027/37","MÁP Plusz","2025.06.20"
"3,7534","","","","","99,5000","5,89","3,50 %",3.5,"HUF",0,"2022.09.19","N270919","2027.09.19","821 nap",821,"N2027/38","N2027/38","MÁP Plusz","2025.06.20"
"3,6575","","","","","99,5000","5,88","3,50 %",3.5,"HUF",0,"2022.09.26","N270926","2027.09.26","828 nap",828,"N2027/39","N2027/39","MÁP Plusz","2025.06.20"
"3,5616","","","","","99,5000","5,87","3,50 %",3.5,"HUF",0,"2022.10.03","N271003","2027.10.03","835 nap",835,"N2027/40","N2027/40","MÁP Plusz","2025.06.20"
"3,4658","","","","","99,5000","5,86","3,50 %",3.5,"HUF",0,"2022.10.10","N271010","2027.10.10","842 nap",842,"N2027/41","N2027/41","MÁP Plusz","2025.06.20"
"3,3699","","","","","99,5000","5,85","3,50 %",3.5,"HUF",0,"2022.10.17","N271017","2027.10.17","849 nap",849,"N2027/42","N2027/42","MÁP Plusz","2025.06.20"
"3,2740","","","","","99,5000","5,85","3,50 %",3.5,"HUF",0,"2022.10.24","N271024","2027.10.24","856 nap",856,"N2027/43","N2027/43","MÁP Plusz","2025.06.20"
"3,1507","","","","","99,5000","5,84","3,50 %",3.5,"HUF",0,"2022.11.02","N271102","2027.11.02","865 nap",865,"N2027/44","N2027/44","MÁP Plusz","2025.06.20"
"3,0822","","","","","99,5000","5,83","3,50 %",3.5,"HUF",0,"2022.11.07","N271107","2027.11.07","870 nap",870,"N2027/45","N2027/45","MÁP Plusz","2025.06.20"
"2,9863","","","","","99,5000","5,83","3,50 %",3.5,"HUF",0,"2022.11.14","N271114","2027.11.14","877 nap",877,"N2027/46","N2027/46","MÁP Plusz","2025.06.20"
"2,8904","","","","","99,5000","5,82","3,50 %",3.5,"HUF",0,"2022.11.21","N271121","2027.11.21","884 nap",884,"N2027/47","N2027/47","MÁP Plusz","2025.06.20"
"2,7945","","","","","99,5000","5,81","3,50 %",3.5,"HUF",0,"2022.11.28","N271128","2027.11.28","891 nap",891,"N2027/48","N2027/48","MÁP Plusz","2025.06.20"
"2,6986","","","","","99,5000","5,80","3,50 %",3.5,"HUF",0,"2022.12.05","N271205","2027.12.05","898 nap",898,"N2027/49","N2027/49","MÁP Plusz","2025.06.20"
"2,6027","","","","","99,5000","5,80","3,50 %",3.5,"HUF",0,"2022.12.12","N271212","2027.12.12","905 nap",905,"N2027/50","N2027/50","MÁP Plusz","2025.06.20"
"2,5068","","","","","99,5000","5,79","3,50 %",3.5,"HUF",0,"2022.12.19","N271219","2027.12.19","912 nap",912,"N2027/51","N2027/51","MÁP Plusz","2025.06.20"
"2,3973","","","","","99,5000","5,78","3,50 %",3.5,"HUF",0,"2022.12.27","N271227","2027.12.27","920 nap",920,"N2027/52","N2027/52","MÁP Plusz","2025.06.20"
"2,3151","","","","","99,5000","5,78","3,50 %",3.5,"HUF",0,"2023.01.02","N280102","2028.01.02","926 nap",926,"N2028/01","N2028/01","MÁP Plusz","2025.06.20"
"2,2192","","","","","99,5000","5,77","3,50 %",3.5,"HUF",0,"2023.01.09","N280109","2028.01.09","933 nap",933,"N2028/02","N2028/02","MÁP Plusz","2025.06.20"
"2,1233","","","","","99,5000","5,77","3,50 %",3.5,"HUF",0,"2023.01.16","N280116","2028.01.16","940 nap",940,"N2028/03","N2028/03","MÁP Plusz","2025.06.20"
"2,0274","","","","","99,5000","5,76","3,50 %",3.5,"HUF",0,"2023.01.23","N280123","2028.01.23","947 nap",947,"N2028/04","N2028/04","MÁP Plusz","2025.06.20"
"1,9315","","","","","99,5000","5,76","3,50 %",3.5,"HUF",0,"2023.01.30","N280130","2028.01.30","954 nap",954,"N2028/05","N2028/05","MÁP Plusz","2025.06.20"
"1,8356","","","","","99,5000","5,75","3,50 %",3.5,"HUF",0,"2023.02.06","N280206","2028.02.06","961 nap",961,"N2028/06","N2028/06","MÁP Plusz","2025.06.20"
"1,7397","","","","","99,5000","5,75","3,50 %",3.5,"HUF",0,"2023.02.13","N280213","2028.02.13","968 nap",968,"N2028/07","N2028/07","MÁP Plusz","2025.06.20"
"1,6438","","","","","99,5000","5,74","3,50 %",3.5,"HUF",0,"2023.02.20","N280220","2028.02.20","975 nap",975,"N2028/08","N2028/08","MÁP Plusz","2025.06.20"
"1,5479","","","","","99,5000","5,74","3,50 %",3.5,"HUF",0,"2023.02.27","N280227","2028.02.27","982 nap",982,"N2028/09","N2028/09","MÁP Plusz","2025.06.20"
"1,4521","","","","","99,5000","5,73","3,50 %",3.5,"HUF",0,"2023.03.06","N280306","2028.03.06","990 nap",990,"N2028/10","N2028/10","MÁP Plusz","2025.06.20"
"1,3562","","","","","99,5000","5,73","3,50 %",3.5,"HUF",0,"2023.03.13","N280313","2028.03.13","997 nap",997,"N2028/11","N2028/11","MÁP Plusz","2025.06.20"
"1,2603","","","","","99,5000","5,72","3,50 %",3.5,"HUF",0,"2023.03.20","N280320","2028.03.20","1004 nap",1004,"N2028/12","N2028/12","MÁP Plusz","2025.06.20"
"1,1644","","","","","99,5000","5,72","3,50 %",3.5,"HUF",0,"2023.03.27","N280327","2028.03.27","1011 nap",1011,"N2028/13","N2028/13","MÁP Plusz","2025.06.20"
"1,0685","","","","","99,5000","5,71","3,50 %",3.5,"HUF",0,"2023.04.03","N280403","2028.04.03","1018 nap",1018,"N2028/14","N2028/14","MÁP Plusz","2025.06.20"
"0,9589","","","","","99,5000","5,71","3,50 %",3.5,"HUF",0,"2023.04.11","N280411","2028.04.11","1026 nap",1026,"N2028/15","N2028/15","MÁP Plusz","2025.06.20"
"0,8767","","","","","99,5000","5,70","3,50 %",3.5,"HUF",0,"2023.04.17","N280417","2028.04.17","1032 nap",1032,"N2028/16","N2028/16","MÁP Plusz","2025.06.20"
"0,7808","","","","","99,5000","5,70","3,50 %",3.5,"HUF",0,"2023.04.24","N280424","2028.04.24","1039 nap",1039,"N2028/17","N2028/17","MÁP Plusz","2025.06.20"
"0,6712","","","","","99,5000","5,69","3,50 %",3.5,"HUF",0,"2023.05.02","N280502","2028.05.02","1047 nap",1047,"N2028/18","N2028/18","MÁP Plusz","2025.06.20"
"0,5890","","","","","99,5000","5,69","3,50 %",3.5,"HUF",0,"2023.05.08","N280508","2028.05.08","1053 nap",1053,"N2028/19","N2028/19","MÁP Plusz","2025.06.20"
"0,4932","","","","","99,5000","5,69","3,50 %",3.5,"HUF",0,"2023.05.15","N280515","2028.05.15","1060 nap",1060,"N2028/20","N2028/20","MÁP Plusz","2025.06.20"
"0,3973","","","","","99,5000","5,68","3,50 %",3.5,"HUF",0,"2023.05.22","N280522","2028.05.22","1067 nap",1067,"N2028/21","N2028/21","MÁP Plusz","2025.06.20"
"0,2877","","","","","99,5000","5,68","3,50 %",3.5,"HUF",0,"2023.05.30","N280530","2028.05.30","1075 nap",1075,"N2028/22","N2028/22","MÁP Plusz","2025.06.20"
"0,2055","","","","","99,5000","5,68","3,50 %",3.5,"HUF",0,"2023.06.05","N280605","2028.06.05","1081 nap",1081,"N2028/23","N2028/23","MÁP Plusz","2025.06.20"
"0,1096","","","","","99,5000","5,67","3,50 %",3.5,"HUF",0,"2023.06.12","N280612","2028.06.12","1088 nap",1088,"N2028/24","N2028/24","MÁP Plusz","2025.06.20"
"0,0137","","","","","100,0000","5,48","3,50 %",3.5,"HUF",0,"2023.06.19","N280619","2028.06.19","1095 nap",1095,"N2028/25","N2028/25","MÁP Plusz","2025.06.20"
"4,4260","","","","","99,5000","5,66","3,50 %",3.5,"HUF",0,"2023.06.26","N280626","2028.06.26","1102 nap",1102,"N2028/26","N2028/26","MÁP Plusz","2025.06.20"
"4,3397","","","","","99,5000","5,65","3,50 %",3.5,"HUF",0,"2023.07.03","N280703","2028.07.03","1109 nap",1109,"N2028/27","N2028/27","MÁP Plusz","2025.06.20"
"4,2534","","","","","99,5000","5,64","3,50 %",3.5,"HUF",0,"2023.07.10","N280710","2028.07.10","1116 nap",1116,"N2028/28","N2028/28","MÁP Plusz","2025.06.20"
"4,1671","","","","","99,5000","5,64","3,50 %",3.5,"HUF",0,"2023.07.17","N280717","2028.07.17","1123 nap",1123,"N2028/29","N2028/29","MÁP Plusz","2025.06.20"
"4,0808","","","","","99,5000","5,63","3,50 %",3.5,"HUF",0,"2023.07.24","N280724","2028.07.24","1130 nap",1130,"N2028/30","N2028/30","MÁP Plusz","2025.06.20"
"3,9945","","","","","99,5000","5,62","3,50 %",3.5,"HUF",0,"2023.07.31","N280731","2028.07.31","1137 nap",1137,"N2028/31","N2028/31","MÁP Plusz","2025.06.20"
"3,9082","","","","","99,5000","5,61","3,50 %",3.5,"HUF",0,"2023.08.07","N280807","2028.08.07","1144 nap",1144,"N2028/32","N2028/32","MÁP Plusz","2025.06.20"
"3,8219","","","","","99,5000","5,60","3,50 %",3.5,"HUF",0,"2023.08.14","N280814","2028.08.14","1151 nap",1151,"N2028/33","N2028/33","MÁP Plusz","2025.06.20"
"3,7356","","","","","99,5000","5,60","3,50 %",3.5,"HUF",0,"2023.08.21","N280821","2028.08.21","1158 nap",1158,"N2028/34","N2028/34","MÁP Plusz","2025.06.20"
"3,6493","","","","","99,5000","5,59","3,50 %",3.5,"HUF",0,"2023.08.28","N280828","2028.08.28","1165 nap",1165,"N2028/35","N2028/35","MÁP Plusz","2025.06.20"
"3,5630","","","","","99,5000","5,58","3,50 %",3.5,"HUF",0,"2023.09.04","N280904","2028.09.04","1172 nap",1172,"N2028/36","N2028/36","MÁP Plusz","2025.06.20"
"3,4767","","","","","99,5000","5,57","3,50 %",3.5,"HUF",0,"2023.09.11","N280911","2028.09.11","1179 nap",1179,"N2028/37","N2028/37","MÁP Plusz","2025.06.20"
"3,3904","","","","","99,5000","5,57","3,50 %",3.5,"HUF",0,"2023.09.18","N280918","2028.09.18","1186 nap",1186,"N2028/38","N2028/38","MÁP Plusz","2025.06.20"
"3,3041","","","","","99,5000","5,56","3,50 %",3.5,"HUF",0,"2023.09.25","N280925","2028.09.25","1193 nap",1193,"N2028/39","N2028/39","MÁP Plusz","2025.06.20"
"3,2178","","","","","99,5000","5,55","3,50 %",3.5,"HUF",0,"2023.10.02","N281002","2028.10.02","1200 nap",1200,"N2028/40","N2028/40","MÁP Plusz","2025.06.20"
"3,1315","","","","","99,5000","5,55","3,50 %",3.5,"HUF",0,"2023.10.09","N281009","2028.10.09","1207 nap",1207,"N2028/41","N2028/41","MÁP Plusz","2025.06.20"
"3,0452","","","","","99,5000","5,54","3,50 %",3.5,"HUF",0,"2023.10.16","N281016","2028.10.16","1214 nap",1214,"N2028/42","N2028/42","MÁP Plusz","2025.06.20"
"2,9466","","","","","99,5000","5,53","3,50 %",3.5,"HUF",0,"2023.10.24","N281024","2028.10.24","1222 nap",1222,"N2028/43","N2028/43","MÁP Plusz","2025.06.20"
"2,8726","","","","","99,5000","5,53","3,50 %",3.5,"HUF",0,"2023.10.30","N281030","2028.10.30","1228 nap",1228,"N2028/44","N2028/44","MÁP Plusz","2025.06.20"
"2,7863","","","","","99,5000","5,52","3,50 %",3.5,"HUF",0,"2023.11.06","N281106","2028.11.06","1235 nap",1235,"N2028/45","N2028/45","MÁP Plusz","2025.06.20"
"2,7000","","","","","99,5000","5,51","3,50 %",3.5,"HUF",0,"2023.11.13","N281113","2028.11.13","1242 nap",1242,"N2028/46","N2028/46","MÁP Plusz","2025.06.20"
"2,6137","","","","","99,5000","5,51","3,50 %",3.5,"HUF",0,"2023.11.20","N281120","2028.11.20","1249 nap",1249,"N2028/47","N2028/47","MÁP Plusz","2025.06.20"
"2,5274","","","","","99,5000","5,50","3,50 %",3.5,"HUF",0,"2023.11.27","N281127","2028.11.27","1256 nap",1256,"N2028/48","N2028/48","MÁP Plusz","2025.06.20"
"2,4411","","","","","99,5000","5,49","3,50 %",3.5,"HUF",0,"2023.12.04","N281204","2028.12.04","1263 nap",1263,"N2028/49","N2028/49","MÁP Plusz","2025.06.20"
"2,3548","","","","","99,5000","5,49","3,50 %",3.5,"HUF",0,"2023.12.11","N281211","2028.12.11","1270 nap",1270,"N2028/50","N2028/50","MÁP Plusz","2025.06.20"
"2,2685","","","","","99,5000","5,48","3,50 %",3.5,"HUF",0,"2023.12.18","N281218","2028.12.18","1277 nap",1277,"N2028/51","N2028/51","MÁP Plusz","2025.06.20"
"2,1575","","","","","99,5000","5,48","3,50 %",3.5,"HUF",0,"2023.12.27","N281227","2028.12.27","1286 nap",1286,"N2028/52","N2028/52","MÁP Plusz","2025.06.20"
"2,0836","","","","","99,5000","5,47","3,50 %",3.5,"HUF",0,"2024.01.02","N290102","2029.01.02","1292 nap",1292,"N2029/01","N2029/01","MÁP Plusz","2025.06.20"
"2,0096","","","","","99,5000","5,47","3,50 %",3.5,"HUF",0,"2024.01.08","N290108","2029.01.08","1298 nap",1298,"N2029/02","N2029/02","MÁP Plusz","2025.06.20"
"1,9233","","","","","99,5000","5,46","3,50 %",3.5,"HUF",0,"2024.01.15","N290115","2029.01.15","1305 nap",1305,"N2029/03","N2029/03","MÁP Plusz","2025.06.20"
"1,8370","","","","","99,5000","5,46","3,50 %",3.5,"HUF",0,"2024.01.22","N290122","2029.01.22","1312 nap",1312,"N2029/04","N2029/04","MÁP Plusz","2025.06.20"
"1,7507","","","","","99,5000","5,45","3,50 %",3.5,"HUF",0,"2024.01.29","N290129","2029.01.29","1319 nap",1319,"N2029/05","N2029/05","MÁP Plusz","2025.06.20"
"1,6644","","","","","99,5000","5,45","3,50 %",3.5,"HUF",0,"2024.02.05","N290205","2029.02.05","1326 nap",1326,"N2029/06","N2029/06","MÁP Plusz","2025.06.20"
"1,5781","","","","","99,5000","5,44","3,50 %",3.5,"HUF",0,"2024.02.12","N290212","2029.02.12","1333 nap",1333,"N2029/07","N2029/07","MÁP Plusz","2025.06.20"
"1,4918","","","","","99,5000","5,44","3,50 %",3.5,"HUF",0,"2024.02.19","N290219","2029.02.19","1340 nap",1340,"N2029/08","N2029/08","MÁP Plusz","2025.06.20"
"1,4055","","","","","99,5000","5,43","3,50 %",3.5,"HUF",0,"2024.02.26","N290226","2029.02.26","1347 nap",1347,"N2029/09","N2029/09","MÁP Plusz","2025.06.20"
"1,3315","","","","","99,5000","5,43","3,50 %",3.5,"HUF",0,"2024.03.04","N290304","2029.03.04","1353 nap",1353,"N2029/10","N2029/10","MÁP Plusz","2025.06.20"
"1,2452","","","","","99,5000","5,42","3,50 %",3.5,"HUF",0,"2024.03.11","N290311","2029.03.11","1360 nap",1360,"N2029/11","N2029/11","MÁP Plusz","2025.06.20"
"1,1589","","","","","99,5000","5,42","3,50 %",3.5,"HUF",0,"2024.03.18","N290318","2029.03.18","1367 nap",1367,"N2029/12","N2029/12","MÁP Plusz","2025.06.20"
"1,0726","","","","","99,5000","5,41","3,50 %",3.5,"HUF",0,"2024.03.25","N290325","2029.03.25","1374 nap",1374,"N2029/13","N2029/13","MÁP Plusz","2025.06.20"
"0,9740","","","","","99,5000","5,41","3,50 %",3.5,"HUF",0,"2024.04.02","N290402","2029.04.02","1382 nap",1382,"N2029/14","N2029/14","MÁP Plusz","2025.06.20"
"0,9000","","","","","99,5000","5,40","3,50 %",3.5,"HUF",0,"2024.04.08","N290408","2029.04.08","1388 nap",1388,"N2029/15","N2029/15","MÁP Plusz","2025.06.20"
"0,8137","","","","","99,5000","5,40","3,50 %",3.5,"HUF",0,"2024.04.15","N290415","2029.04.15","1395 nap",1395,"N2029/16","N2029/16","MÁP Plusz","2025.06.20"
"0,7274","","","","","99,5000","5,39","3,50 %",3.5,"HUF",0,"2024.04.22","N290422","2029.04.22","1402 nap",1402,"N2029/17","N2029/17","MÁP Plusz","2025.06.20"
"0,6411","","","","","99,5000","5,39","3,50 %",3.5,"HUF",0,"2024.04.29","N290429","2029.04.29","1409 nap",1409,"N2029/18","N2029/18","MÁP Plusz","2025.06.20"
"0,5548","","","","","99,5000","5,39","3,50 %",3.5,"HUF",0,"2024.05.06","N290506","2029.05.06","1416 nap",1416,"N2029/19","N2029/19","MÁP Plusz","2025.06.20"
"0,4685","","","","","99,5000","5,38","3,50 %",3.5,"HUF",0,"2024.05.13","N290513","2029.05.13","1423 nap",1423,"N2029/20","N2029/20","MÁP Plusz","2025.06.20"
"0,3699","","","","","99,5000","5,38","3,50 %",3.5,"HUF",0,"2024.05.21","N290521","2029.05.21","1431 nap",1431,"N2029/21","N2029/21","MÁP Plusz","2025.06.20"
"0,2959","","","","","99,5000","5,37","3,50 %",3.5,"HUF",0,"2024.05.27","N290527","2029.05.27","1437 nap",1437,"N2029/22","N2029/22","MÁP Plusz","2025.06.20"
"0,2096","","","","","99,5000","5,37","3,50 %",3.5,"HUF",0,"2024.06.03","N290603","2029.06.03","1444 nap",1444,"N2029/23","N2029/23","MÁP Plusz","2025.06.20"
"6,5229","","","","","99,5000","7,00","6,25 %",6.25,"HUF",0,"2024.06.04","A290627M24","2029.06.27","1468 nap",1468,"N2029/M1","N2029/M1","MÁPP_T","2025.06.20"
"6,0434","","","","","99,5000","6,98","6,25 %",6.25,"HUF",0,"2024.07.02","A290725M24","2029.07.25","1496 nap",1496,"N2029/M2","N2029/M2","MÁPP_T","2025.06.20"
"5,5124","","","","","99,5000","6,95","6,25 %",6.25,"HUF",0,"2024.08.02","A290829M24","2029.08.29","1531 nap",1531,"N2029/M3","N2029/M3","MÁPP_T","2025.06.20"
"4,7661","","","","","99,5000","6,69","6,00 %",6,"HUF",0,"2024.09.03","A290926M24","2029.09.26","1559 nap",1559,"N2029/M4","N2029/M4","MÁPP_T","2025.06.20"
"4,1107","","","","","99,5000","6,43","5,75 %",5.75,"HUF",0,"2024.10.02","A291024M24","2029.10.24","1587 nap",1587,"N2029/M5","N2029/M5","MÁPP_T","2025.06.20"
"3,5750","","","","","99,5000","6,41","5,75 %",5.75,"HUF",0,"2024.11.05","A291128M24","2029.11.28","1622 nap",1622,"N2029/M6","N2029/M6","MÁPP_T","2025.06.20"
"3,1339","","","","","99,5000","6,39","5,75 %",5.75,"HUF",0,"2024.12.03","A291227M24","2029.12.27","1651 nap",1651,"N2029/M7","N2029/M7","MÁPP_T","2025.06.20"
"2,6454","","","","","99,5000","6,38","5,75 %",5.75,"HUF",0,"2025.01.03","A300130M25","2030.01.30","1685 nap",1685,"N2030/M1","N2030/M1","MÁPP_T","2025.06.20"
"2,1415","","","","","99,5000","6,37","5,75 %",5.75,"HUF",0,"2025.02.04","A300227M25","2030.02.27","1713 nap",1713,"N2030/M2","N2030/M2","MÁPP_T","2025.06.20"
"1,7014","","","","","99,5000","6,36","5,75 %",5.75,"HUF",0,"2025.03.04","A300327M25","2030.03.27","1741 nap",1741,"N2030/M3","N2030/M3","MÁPP_T","2025.06.20"
"1,2445","","","","","99,5000","6,35","5,75 %",5.75,"HUF",0,"2025.04.02","A300424M25","2030.04.24","1769 nap",1769,"N2030/M4","N2030/M4","MÁPP_T","2025.06.20"
"0,7089","","","","","99,5000","6,34","5,75 %",5.75,"HUF",0,"2025.05.06","A300529M25","2030.05.29","1804 nap",1804,"N2030/M5","N2030/M5","MÁPP_T","2025.06.20"
"0,2678","","100,0000","6,21","","99,5000","6,33","5,75 %",5.75,"HUF",0,"2025.06.03","A300626M25","2030.06.26","1832 nap",1832,"N2030/M6","N2030/M6","MÁPP_T","2025.06.20"
